{
  "0.1": {
    "mean": 0.6362841240564983,
    "ci_low": 0.618634141087532,
    "ci_high": 0.6538491375247638
  },
  "0.3": {
    "mean": 0.5916734071572621,
    "ci_low": 0.572852922608455,
    "ci_high": 0.6118549012045066
  },
  "0.5": {
    "mean": 0.5672564895947775,
    "ci_low": 0.5486426522632439,
    "ci_high": 0.5863373793562253
  },
  "0.7": {
    "mean": 0.5667997964223226,
    "ci_low": 0.5458687201142312,
    "ci_high": 0.5881889527042706
  },
  "0.9": {
    "mean": 0.5247842943668366,
    "ci_low": 0.5006935444672903,
    "ci_high": 0.5490263713796932
  }
}