{
  "middle_layer_top8": {
    "random": {
      "mean": 0.10877822687228521,
      "ci_low": 0.10838384697089593,
      "ci_high": 0.10917087922990322
    },
    "recency": {
      "mean": 0.6353370440006256,
      "ci_low": 0.6177263661324978,
      "ci_high": 0.6525835064649582
    },
    "window_sink": {
      "mean": 0.7282777206103007,
      "ci_low": 0.7116642234722773,
      "ci_high": 0.7446950586636861
    },
    "linear": {
      "mean": 0.5732760357856751,
      "ci_low": 0.5667054278651873,
      "ci_high": 0.579922819217046
    },
    "preview_attn": {
      "mean": 0.5585894831021627,
      "ci_low": 0.5284328023592632,
      "ci_high": 0.5894356660743554
    },
    "lightning_untrained": {
      "mean": 0.15307751961549124,
      "ci_low": 0.15036466984053454,
      "ci_high": 0.15586693692207337
    },
    "lightning_trained": {
      "mean": 0.4982878303527832,
      "ci_low": 0.474939205567042,
      "ci_high": 0.5228342139025529
    },
    "lightning_trained_plus_recency": {
      "mean": 0.5672564895947775,
      "ci_low": 0.5490114220976829,
      "ci_high": 0.5862068598071735
    }
  },
  "layer_means": {
    "random": [
      0.1083754633863767,
      0.10766767710447311,
      0.10662285188833873,
      0.10855241020520529,
      0.10806370029846828,
      0.10936973343292872,
      0.10807212640841803,
      0.10997640639543534,
      0.10840916782617568,
      0.10947927186886469,
      0.10931917677323023,
      0.10969834874073664
    ],
    "recency": [
      0.8664644479751586,
      0.8582490722338358,
      0.7012554764747619,
      0.6815638780593872,
      0.7257414937019349,
      0.5907903631528219,
      0.6818587859471639,
      0.5314880430698394,
      0.646806534131368,
      0.4986855407555898,
      0.41647286812464396,
      0.4811004420121511
    ],
    "window_sink": [
      0.8125968972841898,
      0.836139194170634,
      0.8178884387016296,
      0.7827350854873657,
      0.8127991239229838,
      0.6879255135854085,
      0.7751179655392965,
      0.631690259774526,
      0.7338557402292888,
      0.5954668005307515,
      0.5147034009297689,
      0.5710903267065685
    ],
    "linear": [
      0.8312605301539103,
      0.6735507210095724,
      0.49587124983469644,
      0.6085102836290995,
      0.5986602663993835,
      0.6004381537437439,
      0.5700033704439799,
      0.5603471517562866,
      0.5369312365849813,
      0.5149056275685628,
      0.47186551888783773,
      0.3812858104705811
    ],
    "preview_attn": [
      0.728294575214386,
      0.74759015639623,
      0.7048702398935954,
      0.3294910689194997,
      0.7496123989423116,
      0.45751600662867226,
      0.6369565248489379,
      0.5821873943010966,
      0.36667509078979493,
      0.44239972829818724,
      0.4844792743523916,
      0.3296511650085449
    ],
    "lightning_untrained": [
      0.14563363750775654,
      0.13708796789248784,
      0.16137849698464077,
      0.16076845268408457,
      0.1559319175283114,
      0.1524283786614736,
      0.15222109943628312,
      0.1514543303847313,
      0.15335187206665674,
      0.15064037700494132,
      0.1476221775015195,
      0.14079878658056258
    ],
    "lightning_trained": [
      0.1012301986416181,
      0.7887091279029846,
      0.6383889436721801,
      0.6867627223332723,
      0.6606083552042643,
      0.5380350490411122,
      0.5102713127930959,
      0.40411189794540403,
      0.37841253678003944,
      0.335936971505483,
      0.3049797773361206,
      0.278303000330925
    ],
    "lightning_trained_plus_recency": [
      0.2655123035113017,
      0.8323811888694763,
      0.6723289489746094,
      0.6767273306846618,
      0.6932001988093058,
      0.5715621868769328,
      0.5924587170283,
      0.47574991385142007,
      0.5033114314079284,
      0.4266430695851644,
      0.38157229622205097,
      0.3733147958914439
    ]
  },
  "untrained_seed_means": {
    "0": 0.19233737707138063,
    "1": 0.13268115838368733,
    "2": 0.13173070470492046,
    "3": 0.1353505237897237,
    "4": 0.17328783412774404
  },
  "trained_vs_untrained_delta": {
    "mean": 0.34521031073729197,
    "ci_low": 0.322091731929779,
    "ci_high": 0.36944431861539684
  },
  "hybrid_deltas": {
    "minus_lightning_trained": {
      "mean": 0.06896865924199422,
      "ci_low": 0.059832705954710644,
      "ci_high": 0.07818217599391937
    },
    "minus_recency": {
      "mean": -0.06808055440584819,
      "ci_low": -0.07907372724016508,
      "ci_high": -0.05764054889480273
    }
  },
  "paired_deltas": {
    "random": {
      "minus_random": {
        "mean": 0.0,
        "ci_low": 0.0,
        "ci_high": 0.0
      },
      "minus_recency": {
        "mean": -0.5265588171283404,
        "ci_low": -0.5439571161990364,
        "ci_high": -0.5087289809584618
      }
    },
    "recency": {
      "minus_random": {
        "mean": 0.5265588171283404,
        "ci_low": 0.5087289809584618,
        "ci_high": 0.5439571161990364
      },
      "minus_recency": {
        "mean": 0.0,
        "ci_low": 0.0,
        "ci_high": 0.0
      }
    },
    "window_sink": {
      "minus_random": {
        "mean": 0.6194994937380155,
        "ci_low": 0.6026557132204374,
        "ci_high": 0.6360963914593061
      },
      "minus_recency": {
        "mean": 0.09294067660967509,
        "ci_low": 0.09141556415955227,
        "ci_high": 0.09447088484962782
      }
    },
    "linear": {
      "minus_random": {
        "mean": 0.4644978089133898,
        "ci_low": 0.45790849096824726,
        "ci_high": 0.4711260948081811
      },
      "minus_recency": {
        "mean": -0.06206100821495056,
        "ci_low": -0.07945922332008679,
        "ci_high": -0.04448938568433126
      }
    },
    "preview_attn": {
      "minus_random": {
        "mean": 0.4498112562298775,
        "ci_low": 0.41958110078672567,
        "ci_high": 0.48079735543082147
      },
      "minus_recency": {
        "mean": -0.07674756089846294,
        "ci_low": -0.1060484973192215,
        "ci_high": -0.0490562919477622
      }
    },
    "lightning_untrained": {
      "minus_random": {
        "mean": 0.04429929274320602,
        "ci_low": 0.04159029385646184,
        "ci_high": 0.04711697895079851
      },
      "minus_recency": {
        "mean": -0.48225952438513436,
        "ci_low": -0.49046419203927116,
        "ci_high": -0.47377786004394296
      }
    },
    "lightning_trained": {
      "minus_random": {
        "mean": 0.389509603480498,
        "ci_low": 0.36597008711099627,
        "ci_high": 0.41403184845298524
      },
      "minus_recency": {
        "mean": -0.1370492136478424,
        "ci_low": -0.15626146072149277,
        "ci_high": -0.11828396430611614
      }
    },
    "lightning_trained_plus_recency": {
      "minus_random": {
        "mean": 0.4584782627224922,
        "ci_low": 0.44007625712951026,
        "ci_high": 0.47758034188797077
      },
      "minus_recency": {
        "mean": -0.06808055440584819,
        "ci_low": -0.07907372724016508,
        "ci_high": -0.05764054889480273
      }
    }
  },
  "recall_vs_k": {
    "random": {
      "4": {
        "mean": 0.06152570446332296,
        "ci_low": 0.06131273579150438,
        "ci_high": 0.061736666512986024
      },
      "8": {
        "mean": 0.10877822687228521,
        "ci_low": 0.10860262010147174,
        "ci_high": 0.10896091974725325
      },
      "16": {
        "mean": 0.1834204121430715,
        "ci_low": 0.1832464311480522,
        "ci_high": 0.1835968531727791
      },
      "32": {
        "mean": 0.29613521973292034,
        "ci_low": 0.2959457652668158,
        "ci_high": 0.2963301617324352
      }
    },
    "recency": {
      "4": {
        "mean": 0.5799469327926636,
        "ci_low": 0.5721276300330956,
        "ci_high": 0.5876570811331272
      },
      "8": {
        "mean": 0.6353370440006256,
        "ci_low": 0.6273513338247935,
        "ci_high": 0.6434193493545055
      },
      "16": {
        "mean": 0.6451715445518493,